{"cameraMode":{"drawMode":0,"name":"Shaded","section":"Shading Mode"},"sceneLighting":true,"audioPlay":false,"sceneViewState":{"m_AlwaysRefresh":false,"showFog":true,"showSkybox":true,"showFlares":true,"showImageEffects":true,"showParticleSystems":true,"showVisualEffectGraphs":true,"m_FxEnabled":true},"in2DMode":false,"pivot":{"x":-5.932860374450684,"y":32.685482025146487,"z":66.28427124023438},"rotation":{"x":0.19386626780033112,"y":0.6979301571846008,"z":-0.2056136280298233,"w":0.658054769039154},"size":0.0040258923545479778,"orthographic":false}